number,page,click,service_id,service_name,time,duration
1,page 0,click (2411 371),201D-1,201D-1 Stonebridge Park Depot - Stonebridge Park,05:02:00,00:06:00
2,page 0,click (2411 440),201D-2,201D-2 Stonebridge Park - Harrow & Wealdstone,05:13:00,00:18:00
3,page 0,click (2411 509),231-1,231-1 London Road - Lambeth North Shunt,05:18:00,00:04:00
4,page 0,click (2411 578),202D-1,202D-1 Stonebridge Park - Elephant & Castle,05:19:00,00:45:00
5,page 0,click (2411 647),232-1,232-1 London Road - Lambeth North Shunt,05:26:00,00:04:00
6,page 0,click (2411 716),221D-1,221D-1 Queen's Park - Stonebridge Depot,05:28:00,00:14:00
7,page 0,click (2411 785),231-2,231-2 Lambeth North Shunt - Elephant & Castle,05:29:00,00:09:00
8,page 0,click (2411 854),222-1,222-1 Queen's Park - Harrow & Wealdstone,05:31:00,00:28:00
9,page 1,click (2411 509),245-1,245-1 Elephant & Castle - Harrow & Wealdstone,05:35:00,00:53:00
10,page 1,click (2411 578),201D-3,201D-3 Harrow & Wealdstone to Elephant & Castle,05:35:00,00:52:00
11,page 1,click (2411 647),233-1,233-1 London Road - Lambeth North Shunt,05:36:00,00:05:00
12,page 1,click (2411 716),232-2,232-2 Lambeth North Shunt - Elephant & Castle,05:37:00,00:03:00
13,page 1,click (2411 785),231-3,231-3 Elephant & Castle - Harrow & Wealdstone,05:44:00,00:58:00
14,page 1,click (2411 854),234-1,234-1 London Road - Lambeth North Shunt,05:45:00,00:05:00
15,page 2,click (2411 509),223-2,223-2 Queen's Park to Elephant & Castle,05:46:00,00:29:00
16,page 2,click (2411 578),233-2,233-2 Lambeth North Shunt - Elephant & Castle,05:47:00,00:02:00
17,page 2,click (2411 647),221D-3,221D-3 Stonebridge Park - Elephant & Castle,05:48:00,00:46:00
18,page 2,click (2411 716),224D-1,224D-1 Queen's Park - Harrow & Wealdstone,05:51:00,00:28:00
19,page 2,click (2411 785),232-3,232-3 Elephant & Castle to Queen's Park,05:54:00,00:29:00
20,page 2,click (2411 854),234-2,234-2 Lambeth North Shunt - Elephant & Castle,05:56:00,00:02:00
21,page 3,click (2411 509),203-1,203-1 Stonebridge Park - Elephant & Castle,05:57:00,00:44:00
22,page 3,click (2411 578),233-3,233-3 Elephant & Castle - Harrow & Wealdstone,06:01:00,00:54:00
23,page 3,click (2411 647),204-1,204-1 Stonebridge Park - Elephant & Castle,06:02:00,00:44:00
24,page 3,click (2411 716),222-2,222-2 Harrow & Wealdstone to Elephant & Castle,06:04:00,00:51:00
25,page 3,click (2411 785),234-3,234-3 Elephant & Castle - Stonebridge Park,06:09:00,00:46:00
26,page 3,click (2411 854),202D-2,202D-2 Elephant & Castle - Harrow & Wealdstone,06:17:00,00:53:00
27,page 4,click (2411 509),205-1,205-1 Stonebridge Park - Elephant & Castle,06:18:00,00:46:00
28,page 4,click (2411 578),235-1,235-1 London Road Depot to Queen's Park,06:20:00,00:32:00
29,page 4,click (2411 647),225-2,225-2 Queen's Park to Elephant & Castle,06:21:00,00:29:00
30,page 4,click (2411 716),206D-1,206D-1 Stonebridge Park - Kilburn High Road,06:22:00,00:12:00
31,page 4,click (2411 785),224D-2,224D-2 Harrow & Wealdstone to Elephant & Castle,06:23:00,00:53:00
32,page 4,click (2411 854),226D-1,226D-1 Queen's Park South Shed - Queen's Park North Sh,06:24:00,00:03:00
33,page 5,click (2411 509),223-4,223-4 Elephant & Castle to Queen's Park,06:24:00,00:32:00
34,page 5,click (2411 578),236-1,236-1 London Road Depot - Harrow & Wealdstone,06:28:00,00:54:00
35,page 5,click (2411 647),207-1,207-1 Stonebridge Park - Elephant & Castle,06:28:00,00:45:00
36,page 5,click (2411 716),232-4,232-4 Queen's Park to Elephant & Castle,06:30:00,00:31:00
37,page 5,click (2411 785),201D-4,201D-4 Elephant & Castle to Queen's Park,06:33:00,00:30:00
38,page 5,click (2411 854),210-1,210-1 Stonebridge Park - Elephant & Castle,06:34:00,00:46:00
39,page 6,click (2411 509),237D-1,237D-1 London Road Depot to Queen's Park,06:35:00,00:34:00
40,page 6,click (2411 578),245-3,245-3 Harrow & Wealdstone to Elephant & Castle,06:37:00,00:55:00
41,page 6,click (2411 647),226D-2,226D-2 Queen's Park to Elephant & Castle,06:37:00,00:31:00
42,page 6,click (2411 716),227-1,227-1 Queen's Park South Shed - Queen's Park North Shed,06:40:00,00:03:00
43,page 6,click (2411 785),221D-4,221D-4 Elephant & Castle - Harrow & Wealdstone,06:40:00,00:54:00
44,page 6,click (2411 854),211-1,211-1 Stonebridge Park - Elephant & Castle,06:41:00,00:45:00
45,page 7,click (2411 509),240,240 London Road Depot to Queen's Park,06:43:00,00:31:00
46,page 7,click (2411 578),203-2,203-2 Elephant & Castle - Harrow & Wealdstone,06:47:00,00:56:00
47,page 7,click (2411 647),206D-2,206D-2 Kilburn High Road - Stonebridge Park,06:47:00,00:11:00
48,page 7,click (2411 716),241-1,241-1 London Road Depot to Queen's Park,06:49:00,00:31:00
49,page 7,click (2411 785),231-4,231-4 Harrow & Wealdstone to Elephant & Castle,06:51:00,00:52:00
50,page 7,click (2411 854),204-2,204-2 Elephant & Castle to Queen's Park,06:53:00,00:32:00
51,page 8,click (2411 509),227-2,227-2 Queen's Park to Elephant & Castle,06:53:00,00:30:00
52,page 8,click (2411 578),242D-1,242D-1 London Road Depot - Harrow & Wealdstone,06:55:00,00:57:00
53,page 8,click (2411 647),212-1,212-1 Stonebridge Park - Elephant & Castle,06:56:00,00:45:00
54,page 8,click (2411 716),225-4,225-4 Elephant & Castle to Queen's Park,06:58:00,00:31:00
55,page 8,click (2411 785),235-2,235-2 Queen's Park to Elephant & Castle,06:59:00,00:30:00
56,page 8,click (2411 854),222-3,222-3 Elephant & Castle - Stonebridge Park,07:01:00,00:44:00
57,page 9,click (2411 509),233-4,233-4 Harrow & Wealdstone to Elephant & Castle,07:05:00,00:54:00
58,page 9,click (2411 578),223-5,223-5 Queen's Park to Elephant & Castle,07:05:00,00:30:00
59,page 9,click (2411 647),232-5,232-5 Elephant & Castle to Queen's Park,07:05:00,00:30:00
60,page 9,click (2411 716),243-1,243-1 London Road Depot to Queen's Park,07:07:00,00:32:00
61,page 9,click (2411 785),206D-3,206D-3 Stonebridge Park - Elephant & Castle,07:07:00,00:42:00
62,page 9,click (2411 854),201D-5,201D-5 Queen's Park to Elephant & Castle,07:08:00,00:30:00
63,page 10,click (2411 509),205-2,205-2 Elephant & Castle - Harrow & Wealdstone,07:10:00,00:55:00
64,page 10,click (2411 578),226D-3,226D-3 Elephant & Castle to Queen's Park,07:13:00,00:31:00
65,page 10,click (2411 647),237D-2,237D-2 Queen's Park to Elephant & Castle,07:16:00,00:31:00
66,page 10,click (2411 716),207-2,207-2 Elephant & Castle - Harrow & Wealdstone,07:17:00,00:56:00
67,page 10,click (2411 785),234-4,234-4 Stonebridge Park - Elephant & Castle,07:18:00,00:45:00
68,page 10,click (2411 854),202D-3,202D-3 Harrow & Wealdstone to Elephant & Castle,07:19:00,00:53:00
69,page 11,click (2411 509),224D-3,224D-3 Elephant & Castle to Queen's Park,07:20:00,00:30:00
70,page 11,click (2411 578),240-2,240-2 Queen's Park to Elephant & Castle,07:22:00,00:30:00
71,page 11,click (2411 647),210-2,210-2 Elephant & Castle to Queen's Park,07:23:00,00:30:00
72,page 11,click (2411 716),236-2,236-2 Harrow & Wealdstone to Elephant & Castle,07:25:00,00:53:00
73,page 11,click (2411 785),241-2,241-2 Queen's Park to Elephant & Castle,07:25:00,00:30:00
74,page 11,click (2411 854),227-3,227-3 Elephant & Castle - Harrow & Wealdstone,07:26:00,00:56:00
75,page 12,click (2411 509),211-2,211-2 Elephant & Castle to Queen's Park,07:29:00,00:30:00
76,page 12,click (2411 578),204-3,204-3 Queen's Park to Elephant & Castle,07:30:00,00:30:00
77,page 12,click (2411 647),235-3,235-3 Elephant & Castle - Stonebridge Park,07:32:00,00:41:00
78,page 12,click (2411 716),245-4,245-4 Elephant & Castle to Queen's Park,07:35:00,00:30:00
79,page 12,click (2411 785),213-1,213-1 Stonebridge Park - Elephant & Castle,07:36:00,00:47:00
80,page 12,click (2411 854),225-5,225-5 Queen's Park to Elephant & Castle,07:36:00,00:30:00
81,page 13,click (2411 578),223-6,223-6 Elephant & Castle to Queen's Park,07:38:00,00:30:00
82,page 13,click (2411 647),221D-5,221D-5 Harrow & Wealdstone to Elephant & Castle,07:38:00,00:54:00
83,page 13,click (2411 716),232-6,232-6 Queen's Park to Elephant & Castle,07:39:00,00:30:00
84,page 13,click (2411 785),201D-6,201D-6 Elephant & Castle - Harrow & Wealdstone,07:41:00,00:54:00
85,page 13,click (2411 854),212-2,212-2 Elephant & Castle - Stonebridge Park,07:44:00,00:43:00
86,page 13,click (2411 923),243-2,243-2 Queen's Park to Elephant & Castle,07:45:00,00:30:00
87,page 14,click (2411 578),231-5,231-5 Elephant & Castle to Queen's Park,07:46:00,00:30:00
88,page 14,click (2411 647),203-3,203-3 Harrow & Wealdstone to Elephant & Castle,07:49:00,00:54:00
89,page 14,click (2411 716),237D-3,237D-3 Elephant & Castle - Harrow & Wealdstone,07:49:00,00:53:00
90,page 14,click (2411 785),226D-4,226D-4 Queen's Park to Elephant & Castle,07:50:00,00:30:00
91,page 14,click (2411 854),222-4,222-4 Stonebridge Park - Elephant & Castle,07:51:00,00:46:00
92,page 14,click (2411 923),206D-4,206D-4 Elephant & Castle to Queen's Park,07:52:00,00:30:00
93,page 15,click (2411 578),242D-2,242D-2 Harrow & Wealdstone to Elephant & Castle,07:55:00,00:53:00
94,page 15,click (2411 647),240-3,240-3 Elephant & Castle to Queen's Park,07:55:00,00:30:00
95,page 15,click (2411 716),224D-4,224D-4 Queen's Park to Elephant & Castle,07:55:00,00:30:00
96,page 15,click (2411 785),241-3,241-3 Elephant & Castle - Stonebridge Park,07:58:00,00:43:00
97,page 15,click (2411 854),210-3,210-3 Queen's Park to Elephant & Castle,07:58:00,00:30:00
98,page 15,click (2411 923),233-5,233-5 Elephant & Castle to Queen's Park,08:00:00,00:30:00
99,page 16,click (2411 578),204-4,204-4 Elephant & Castle - Harrow & Wealdstone,08:03:00,00:53:00
100,page 16,click (2411 647),211-3,211-3 Queen's Park to Elephant & Castle,08:03:00,00:30:00
101,page 16,click (2411 716),234-5,234-5 Elephant & Castle to Queen's Park,08:05:00,00:31:00
102,page 16,click (2411 785),214-1,214-1 Stonebridge Park - Elephant & Castle,08:06:00,00:47:00
103,page 16,click (2411 854),205-3,205-3 Harrow & Wealdstone to Elephant & Castle,08:08:00,00:53:00
104,page 16,click (2411 923),225-6,225-6 Elephant & Castle to Queen's Park,08:08:00,00:31:00
105,page 17,click (2411 578),245-5,245-5 Queen's Park to Elephant & Castle,08:09:00,00:30:00
106,page 17,click (2411 647),232-7,232-7 Elephant & Castle - Stonebridge Park,08:11:00,00:42:00
107,page 17,click (2411 716),202D-4,202D-4 Elephant & Castle to Queen's Park,08:14:00,00:31:00
108,page 17,click (2411 785),223-7,223-7 Queen's Park to Elephant & Castle,08:15:00,00:30:00
109,page 17,click (2411 854),243-3,243-3 Elephant & Castle - Harrow & Wealdstone,08:17:00,00:53:00
110,page 17,click (2411 923),207-3,207-3 Harrow & Wealdstone to Elephant & Castle,08:19:00,00:53:00
111,page 18,click (2411 578),236-3,236-3 Elephant & Castle to Queen's Park,08:19:00,00:31:00
112,page 18,click (2411 647),231-6,231-6 Queen's Park to Elephant & Castle,08:20:00,00:30:00
113,page 18,click (2411 716),226D-5,226D-5 Elephant & Castle to Queen's Park,08:22:00,00:31:00
114,page 18,click (2411 785),235-4,235-4 Stonebridge Park - Elephant & Castle,08:22:00,00:42:00
115,page 18,click (2411 854),213-2,213-2 Elephant & Castle - Stonebridge Park,08:25:00,00:44:00
116,page 18,click (2411 923),227-4,227-4 Harrow & Wealdstone to Elephant & Castle,08:25:00,00:53:00
117,page 19,click (2411 509),227-4,227-4 Harrow & Wealdstone to Elephant & Castle,08:25:00,00:52:00
118,page 19,click (2411 578),206D-5,206D-5 Queen's Park to Elephant & Castle,08:25:00,00:30:00
119,page 19,click (2411 647),224D-5,224D-5 Elephant & Castle to Queen's Park,08:28:00,00:31:00
120,page 19,click (2411 716),240-4,240-4 Queen's Park to Elephant & Castle,08:28:00,00:30:00
121,page 19,click (2411 785),210-4,210-4 Elephant & Castle - Harrow & Wealdstone,08:30:00,00:54:00
122,page 19,click (2411 854),221D-6,221D-6 Elephant & Castle to Queen's Park,08:33:00,00:31:00
123,page 20,click (2411 509),211-4,211-4 Elephant & Castle to Queen's Park,08:36:00,00:31:00
124,page 20,click (2411 578),233-6,233-6 Queen's Park to Elephant & Castle,08:36:00,00:30:00
125,page 20,click (2411 647),201D-7,201D-7 Harrow & Wealdstone to Elephant & Castle,08:38:00,00:53:00
126,page 20,click (2411 716),212-3,212-3 Stonebridge Park - Elephant & Castle,08:39:00,00:44:00
127,page 20,click (2411 785),222-5,222-5 Elephant & Castle - Stonebridge Park,08:39:00,00:43:00
128,page 20,click (2411 854),234-6,234-6 Queen's Park to Elephant & Castle,08:39:00,00:30:00
129,page 21,click (2411 509),245-6,245-6 Elephant & Castle to Queen's Park,08:41:00,00:31:00
130,page 21,click (2411 578),203-4,203-4 Elephant & Castle - Stonebridge Park,08:44:00,00:43:00
131,page 21,click (2411 647),225-7,225-7 Queen's Park to Elephant & Castle,08:45:00,00:30:00
132,page 21,click (2411 716),223-8,223-8 Elephant & Castle to Queen's Park,08:47:00,00:31:00
133,page 21,click (2411 785),237D-4,237D-4 Harrow & Wealdstone to Elephant & Castle,08:49:00,00:53:00
134,page 21,click (2411 854),242D-3,242D-3 Elephant & Castle - Harrow & Wealdstone,08:49:00,00:53:00
135,page 22,click (2411 509),202D-5,202D-5 Queen's Park to Elephant & Castle,08:50:00,00:31:00
136,page 22,click (2411 578),241-4,241-4 Stonebridge Park - Elephant & Castle,08:52:00,00:44:00
137,page 22,click (2411 647),231-7,231-7 Elephant & Castle to Queen's Park,08:52:00,00:32:00
138,page 22,click (2411 716),236-4,236-4 Queen's Park to Elephant & Castle,08:55:00,00:30:00
139,page 22,click (2411 785),214-2,214-2 Elephant & Castle - Stonebridge Park,08:55:00,00:43:00
140,page 22,click (2411 854),206D-6,206D-6 Elephant & Castle to Queen's Park,08:58:00,00:31:00
141,page 23,click (2411 509),226D-6,226D-6 Queen's Park to Elephant & Castle,08:58:00,00:30:00
142,page 23,click (2411 578),240-5,240-5 Elephant & Castle - Harrow & Wealdstone,09:00:00,00:54:00
143,page 23,click (2411 647),205-4,205-4 Elephant & Castle to Queen's Park,09:03:00,00:30:00
144,page 23,click (2411 716),224D-6,224D-6 Queen's Park to Elephant & Castle,09:03:00,00:30:00
145,page 23,click (2411 785),204-5,204-5 Harrow & Wealdstone to Elephant & Castle,09:04:00,00:52:00
146,page 23,click (2411 854),232-8,232-8 Stonebridge Park - Elephant & Castle,09:04:00,00:43:00
147,page 24,click (2411 509),235-5,235-5 Elephant & Castle - Stonebridge Park,09:05:00,00:46:00
148,page 24,click (2411 578),221D-7,221D-7 Queen's Park to Elephant & Castle,09:08:00,00:30:00
149,page 24,click (2411 647),233-7,233-7 Elephant & Castle to Queen's Park,09:08:00,00:31:00
150,page 24,click (2411 716),234-7,234-7 Elephant & Castle - Stonebridge Park,09:11:00,00:42:00
151,page 24,click (2411 785),207-4,207-4 Elephant & Castle - Harrow & Wealdstone,09:14:00,00:55:00
152,page 24,click (2411 854),211-5,211-5 Queen's Park to Elephant & Castle,09:14:00,00:30:00
153,page 25,click (2411 509),225-8,225-8 Elephant & Castle to Queen's Park,09:17:00,00:30:00
154,page 25,click (2411 578),243-4,243-4 Harrow & Wealdstone to Elephant & Castle,09:19:00,00:52:00
155,page 25,click (2411 647),227-5,227-5 Elephant & Castle - Stonebridge Park,09:19:00,00:47:00
156,page 25,click (2411 716),245-7,245-7 Queen's Park to Elephant & Castle,09:21:00,00:30:00
157,page 25,click (2411 785),213-3,213-3 Stonebridge Park - Elephant & Castle,09:21:00,00:42:00
158,page 25,click (2411 854),202D-6,202D-6 Elephant & Castle to Queen's Park,09:22:00,00:30:00
159,page 26,click (2411 509),223-9,223-9 Queen's Park to Elephant & Castle,09:24:00,00:30:00
160,page 26,click (2411 578),212-4,212-4 Elephant & Castle to Queen's Park,09:25:00,00:31:00
161,page 26,click (2411 647),236-5,236-5 Elephant & Castle - Stonebridge Park,09:27:00,00:41:00
162,page 26,click (2411 716),231-8,231-8 Queen's Park to Elephant & Castle,09:30:00,00:31:00
163,page 26,click (2411 785),226D-7,226D-7 Elephant & Castle - Harrow & Wealdstone,09:31:00,00:54:00
164,page 26,click (2411 854),201D-8,201D-8 Elephant & Castle to Queen's Park,09:32:00,00:31:00
165,page 27,click (2411 509),210-5,210-5 Harrow & Wealdstone to Elephant & Castle,09:34:00,00:52:00
166,page 27,click (2411 578),224-7,224-7 Elephant & Castle - Stonebridge Park,09:35:00,00:46:00
167,page 27,click (2411 647),222-6,222-6 Stonebridge Park - Elephant & Castle,09:35:00,00:44:00
168,page 27,click (2411 716),206D-7,206D-7 Queen's Park to Elephant & Castle,09:36:00,00:31:00
169,page 27,click (2411 785),241-5,241-5 Elephant & Castle to Queen's Park,09:38:00,00:31:00
170,page 27,click (2411 854),205-5,205-5 Queen's Park to Waterloo,09:39:00,00:30:00
171,page 28,click (2411 509),221D-8,221D-8 Elephant & Castle - Stonebridge Park,09:41:00,00:45:00
172,page 28,click (2411 578),237D-5,237D-5 Elephant & Castle - Harrow & Wealdstone,09:44:00,00:55:00
173,page 28,click (2411 647),233-8,233-8 Queen's Park to Elephant & Castle,09:45:00,00:30:00
174,page 28,click (2411 716),211-6,211-6 Elephant & Castle - Stonebridge Park,09:47:00,00:49:00
175,page 28,click (2411 785),242D-4,242D-4 Harrow & Wealdstone to Elephant & Castle,09:49:00,00:52:00
176,page 28,click (2411 854),214-3,214-3 Stonebridge Park - Elephant & Castle,09:50:00,00:43:00
177,page 29,click (2411 509),232-9,232-9 Elephant & Castle to Queen's Park,09:50:00,00:30:00
178,page 29,click (2411 578),225-9,225-9 Queen's Park to Elephant & Castle,09:53:00,00:29:00
179,page 29,click (2411 647),245-8,245-8 Elephant & Castle to Queen's Park,09:53:00,00:32:00
180,page 29,click (2411 716),223-10,223-10 Elephant & Castle - Stonebridge Park,09:57:00,00:42:00
181,page 29,click (2411 785),204-6,204-6 Elephant & Castle - Harrow & Wealdstone,10:00:00,00:54:00
182,page 29,click (2411 854),202D-7,202D-7 Queen's Park to Elephant & Castle,10:00:00,00:30:00
183,page 30,click (2411 509),240-6,240-6 Harrow & Wealdstone to Elephant & Castle,10:04:00,00:52:00
184,page 30,click (2411 578),231-9,231-9 Elephant & Castle - Stonebridge Park,10:04:00,00:47:00
185,page 30,click (2411 647),212-5,212-5 Queen's Park to Elephant & Castle,10:05:00,00:32:00
186,page 30,click (2411 716),234-8,234-8 Stonebridge Park - Elephant & Castle,10:05:00,00:43:00
187,page 30,click (2411 785),213-4,213-4 Elephant & Castle to Queen's Park,10:08:00,00:30:00
188,page 30,click (2411 854),206D-8,206D-8 Elephant & Castle - Stonebridge Park,10:12:00,00:43:00
189,page 31,click (2411 509),201D-9,201D-9 Queen's Park to Elephant & Castle,10:15:00,00:30:00
190,page 31,click (2411 578),243-5,243-5 Elephant & Castle to Queen's Park,10:15:00,00:30:00
191,page 31,click (2411 647),207-5,207-5 Harrow & Wealdstone to Elephant & Castle,10:19:00,00:52:00
192,page 31,click (2411 716),233-9,233-9 Elephant & Castle - Harrow & Wealdstone,10:19:00,00:53:00
193,page 31,click (2411 785),236-6,236-6 Stonebridge Park - Elephant & Castle,10:20:00,00:43:00
194,page 31,click (2411 854),241-6,241-6 Queen's Park to Elephant & Castle,10:22:00,00:30:00
195,page 32,click (2411 509),222-7,222-7 Elephant & Castle to Queen's Park,10:23:00,00:30:00
196,page 32,click (2411 578),225-10,225-10 Elephant & Castle - Stonebridge Park,10:27:00,00:45:00
197,page 32,click (2411 647),232-10,232-10 Queen's Park to Elephant & Castle,10:30:00,00:30:00
198,page 32,click (2411 716),210-6,210-6 Elephant & Castle to Queen's Park,10:30:00,00:30:00
199,page 32,click (2411 785),221D-9,221D-9 Stonebridge Park - Elephant & Castle,10:34:00,00:44:00
200,page 32,click (2411 854),226D-8,226D-8 Harrow & Wealdstone to Elephant & Castle,10:34:00,00:52:00
201,page 33,click (2411 509),202D-8,202D-8 Elephant & Castle - Harrow & Wealdstone,10:34:00,00:53:00
202,page 33,click (2411 578),245-9,245-9 Queen's Park to Elephant & Castle,10:38:00,00:29:00
203,page 33,click (2411 647),214-4,214-4 Elephant & Castle to Queen's Park,10:38:00,00:30:00
204,page 33,click (2411 716),212-6,212-6 Elephant & Castle - Stonebridge Park,10:42:00,00:45:00
205,page 33,click (2411 785),242D-5,242D-5 Elephant & Castle to Queen's Park,10:45:00,00:30:00
206,page 33,click (2411 854),213-5,213-5 Queen's Park to Elephant & Castle,10:45:00,00:30:00
207,page 34,click (2411 509),201D-10,201D-10 Elephant & Castle - Harrow & Wealdstone,10:49:00,00:53:00
208,page 34,click (2411 578),237D-6,237D-6 Harrow & Wealdstone to Elephant & Castle,10:49:00,00:52:00
209,page 34,click (2411 647),223-11,223-11 Stonebridge Park - Elephant & Castle,10:51:00,00:42:00
210,page 34,click (2411 716),243-6,243-6 Queen's Park to Elephant & Castle,10:53:00,00:29:00
211,page 34,click (2411 785),234-9,234-9 Elephant & Castle to Queen's Park,10:53:00,00:30:00
212,page 34,click (2411 854),241-7,241-7 Elephant & Castle - Stonebridge Park,10:57:00,00:45:00
213,page 35,click (2411 509),745-1,745-1 Stonebridge Park Depot - London Road Depot,11:00:00,00:43:00
214,page 35,click (2411 578),240-7,240-7 Elephant & Castle to Queen's Park,11:00:00,00:30:00
215,page 35,click (2411 647),222-8,222-8 Queen's Park to Elephant & Castle,11:00:00,00:30:00
216,page 35,click (2411 716),204-7,204-7 Harrow & Wealdstone to Elephant & Castle,11:04:00,00:52:00
217,page 35,click (2411 785),232-11,232-11 Elephant & Castle - Harrow & Wealdstone,11:04:00,00:53:00
218,page 35,click (2411 854),2060-9,2060-9 Stonebridge Park - Elephant & Castle,11:06:00,00:42:00
219,page 36,click (2411 578),210-7,210-7 Queen's Park to Elephant & Castle,11:08:00,00:29:00
220,page 36,click (2411 647),236-7,236-7 Elephant & Castle to Queen's Park,11:08:00,00:30:00
221,page 36,click (2411 716),245-10,245-10 Elephant & Castle - Stonebridge Park,11:12:00,00:45:00
222,page 36,click (2411 785),207-6,207-6 Elephant & Castle to Queen's Park,11:15:00,00:30:00
223,page 36,click (2411 854),214-5,214-5 Queen's Park to Elephant & Castle,11:15:00,00:30:00
224,page 36,click (2411 923),225-11,225-11 Stonebridge Park - Elephant & Castle,11:19:00,00:44:00
225,page 37,click (2411 578),233-10,233-10 Harrow & Wealdstone to Elephant & Castle,11:19:00,00:52:00
226,page 37,click (2411 647),213-6,213-6 Elephant & Castle - Harrow & Wealdstone,11:19:00,00:53:00
227,page 37,click (2411 716),242D-6,242D-6 Queen's Park to Elephant & Castle,11:23:00,00:29:00
228,page 37,click (2411 785),221D-10,221D-10 Elephant & Castle to Queen's Park,11:23:00,00:30:00
229,page 37,click (2411 854),243-7,243-7 Elephant & Castle - Stonebridge Park,11:27:00,00:45:00
230,page 37,click (2411 923),234-10,234-10 Queen's Park to Elephant & Castle,11:30:00,00:30:00
231,page 38,click (2411 578),226D-9,226D-9 Elephant & Castle to Queen's Park,11:30:00,00:30:00
232,page 38,click (2411 647),212-7,212-7 Stonebridge Park - Elephant & Castle,11:34:00,00:44:00
233,page 38,click (2411 716),2020-9,2020-9 Harrow & Wealdstone to Elephant & Castle,11:34:00,00:52:00
234,page 38,click (2411 785),222-9,222-9 Elephant & Castle - Harrow & Wealdstone,11:34:00,00:53:00
235,page 38,click (2411 854),240-8,240-8 Queen's Park to Elephant & Castle,11:38:00,00:29:00
236,page 39,click (2411 509),223-12,223-12 Elephant & Castle to Queen's Park,11:38:00,00:30:00
237,page 39,click (2411 578),210-8,210-8 Elephant & Castle - Stonebridge Park,11:42:00,00:45:00
238,page 39,click (2411 647),237D-7,237D-7 Elephant & Castle to Queen's Park,11:45:00,00:30:00
239,page 39,click (2411 716),236-8,236-8 Queen's Park to Elephant & Castle,11:45:00,00:30:00
240,page 39,click (2411 785),201D-11,201D-11 Harrow & Wealdstone to Elephant & Castle,11:49:00,00:52:00
241,page 39,click (2411 854),241-8,241-8 Stonebridge Park - Elephant & Castle,11:49:00,00:44:00
242,page 39,click (2411 923),214-8,214-8 Elephant & Castle - Harrow & Wealdstone,11:49:00,00:53:00
243,page 40,click (2411 578),207-7,207-7 Queen's Park to Elephant & Castle,11:53:00,00:29:00
244,page 40,click (2411 647),206D-10,206D-10 Elephant & Castle to Queen's Park,11:53:00,00:30:00
245,page 40,click (2411 716),242D-7,242D-7 Elephant & Castle - Stonebridge Park,11:57:00,00:43:00
246,page 40,click (2411 785),204-8,204-8 Elephant & Castle to Queen's Park,12:00:00,00:30:00
247,page 40,click (2411 854),221D-11,221D-11 Queen's Park to Elephant & Castle,12:00:00,00:30:00
248,page 40,click (2411 923),245-11,245-11 Stonebridge Park - Elephant & Castle,12:04:00,00:44:00
249,page 41,click (2411 578),232-12,232-12 Harrow & Wealdstone to Elephant & Castle,12:04:00,00:52:00
250,page 41,click (2411 647),234-11,234-11 Elephant & Castle - Harrow & Wealdstone,12:04:00,00:53:00
251,page 41,click (2411 716),225-12,225-12 Elephant & Castle to Queen's Park,12:08:00,00:30:00
252,page 41,click (2411 785),226D-10,226D-10 Queen's Park to Elephant & Castle,12:08:00,00:29:00
253,page 41,click (2411 854),240-9,240-9 Elephant & Castle - Stonebridge Park,12:12:00,00:43:00
254,page 42,click (2411 509),223-13,223-13 Queen's Park to Elephant & Castle,12:15:00,00:30:00
255,page 42,click (2411 578),233-11,233-11 Elephant & Castle to Queen's Park,12:15:00,00:30:00
256,page 42,click (2411 647),243-8,243-8 Stonebridge Park - Elephant & Castle,12:19:00,00:44:00
257,page 42,click (2411 716),213-7,213-7 Harrow & Wealdstone to Elephant & Castle,12:19:00,00:52:00
258,page 42,click (2411 785),236-9,236-9 Elephant & Castle - Harrow & Wealdstone,12:19:00,00:53:00
259,page 42,click (2411 854),212-8,212-8 Elephant & Castle to Queen's Park,12:23:00,00:30:00
260,page 43,click (2411 509),237D-8,237D-8 Queen's Park to Elephant & Castle,12:23:00,00:29:00
261,page 43,click (2411 578),207-8,207-8 Elephant & Castle - Stonebridge Park,12:27:00,00:43:00
262,page 43,click (2411 647),202D-10,202D-10 Elephant & Castle to Queen's Park,12:30:00,00:30:00
263,page 43,click (2411 716),206D-11,206D-11 Queen's Park to Elephant & Castle,12:30:00,00:30:00
264,page 43,click (2411 785),210-9,210-9 Stonebridge Park - Elephant & Castle,12:34:00,00:44:00
265,page 43,click (2411 854),222-10,222-10 Harrow & Wealdstone to Elephant & Castle,12:34:00,00:52:00
266,page 44,click (2411 509),221D-12,221D-12 Elephant & Castle - Harrow & Wealdstone,12:34:00,00:53:00
267,page 44,click (2411 578),204-9,204-9 Queen's Park to Elephant & Castle,12:38:00,00:29:00
268,page 44,click (2411 647),241-9,241-9 Elephant & Castle to Queen's Park,12:38:00,00:30:00
269,page 44,click (2411 716),745-2,745-2 London Road Depot - Stonebridge Park Depot,12:42:00,00:46:00
270,page 44,click (2411 785),226D-11,226D-11 Elephant & Castle - Stonebridge Park,12:42:00,00:42:00
271,page 44,click (2411 854),201D-12,201D-12 Elephant & Castle to Queen's Park,12:45:00,00:31:00
272,page 45,click (2411 509),225-13,225-13 Queen's Park to Elephant & Castle,12:45:00,00:30:00
273,page 45,click (2411 578),214-7,214-7 Harrow & Wealdstone to Elephant & Castle,12:49:00,00:52:00
274,page 45,click (2411 647),223-14,223-14 Elephant & Castle - Harrow & Wealdstone,12:49:00,00:53:00
275,page 45,click (2411 716),242D-8,242D-8 Stonebridge Park - Elephant & Castle,12:50:00,00:43:00
276,page 45,click (2411 785),233-12,233-12 Queen's Park to Elephant & Castle,12:53:00,00:29:00
277,page 45,click (2411 854),245-12,245-12 Elephant & Castle to Queen's Park,12:53:00,00:30:00
278,page 46,click (2411 509),237D-9,237D-9 Elephant & Castle - Stonebridge Park,12:57:00,00:43:00
279,page 46,click (2411 578),232-13,232-13 Elephant & Castle to Queen's Park,13:00:00,00:30:00
280,page 46,click (2411 647),212-9,212-9 Queen's Park to Elephant & Castle,13:00:00,00:30:00
281,page 46,click (2411 716),234-12,234-12 Harrow & Wealdstone to Elephant & Castle,13:04:00,00:52:00
282,page 46,click (2411 785),206D-12,206D-12 Elephant & Castle - Harrow & Wealdstone,13:04:00,00:53:00
283,page 46,click (2411 854),240-10,240-10 Stonebridge Park - Elephant & Castle,13:06:00,00:42:00
284,page 47,click (2411 509),243-9,243-9 Elephant & Castle to Queen's Park,13:08:00,00:30:00
285,page 47,click (2411 647),204-10,204-10 Elephant & Castle - Stonebridge Park,13:12:00,00:45:00
286,page 47,click (2411 716),241-10,241-10 Queen's Park to Elephant & Castle,13:15:00,00:30:00
287,page 47,click (2411 785),213-8,213-8 Elephant & Castle to Queen's Park,13:15:00,00:30:00
288,page 47,click (2411 854),236-10,236-10 Harrow & Wealdstone to Elephant & Castle,13:19:00,00:52:00
289,page 48,click (2411 509),225-14,225-14 Elephant & Castle - Harrow & Wealdstone,13:19:00,00:53:00
290,page 48,click (2411 578),207-9,207-9 Stonebridge Park - Elephant & Castle,13:20:00,00:43:00
291,page 48,click (2411 647),2010-13,2010-13 Queen's Park to Elephant & Castle,13:23:00,00:29:00
292,page 48,click (2411 716),210-10,210-10 Elephant & Castle to Queen's Park,13:23:00,00:30:00
293,page 48,click (2411 785),233-13,233-13 Elephant & Castle - Stonebridge Park,13:27:00,00:45:00
294,page 48,click (2411 854),245-13,245-13 Queen's Park to Elephant & Castle,13:30:00,00:30:00
295,page 49,click (2411 509),222-11,222-11 Elephant & Castle to Queen's Park,13:30:00,00:30:00
296,page 49,click (2411 578),226D-12,226D-12 Stonebridge Park - Elephant & Castle,13:34:00,00:44:00
297,page 49,click (2411 647),221D-13,221D-13 Harrow & Wealdstone to Elephant & Castle,13:34:00,00:52:00
298,page 49,click (2411 716),212-10,212-10 Elephant & Castle - Harrow & Wealdstone,13:34:00,00:53:00
299,page 49,click (2411 785),232-14,232-14 Queen's Park to Elephant & Castle,13:38:00,00:29:00
300,page 49,click (2411 854),242D-9,242D-9 Elephant & Castle to Queen's Park,13:38:00,00:30:00
301,page 50,click (2411 509),202D-12,202D-12 Elephant & Castle - Stonebridge Park,13:42:00,00:45:00
302,page 50,click (2411 578),214-8,214-8 Elephant & Castle to Queen's Park,13:45:00,00:30:00
303,page 50,click (2411 647),243-10,243-10 Queen's Park to Elephant & Castle,13:45:00,00:30:00
304,page 50,click (2411 716),223-15,223-15 Harrow & Wealdstone to Elephant & Castle,13:49:00,00:52:00
305,page 50,click (2411 785),241-11,241-11 Elephant & Castle - Harrow & Wealdstone,13:49:00,00:53:00
306,page 50,click (2411 854),237D-10,237D-10 Stonebridge Park - Elephant & Castle,13:50:00,00:43:00
307,page 51,click (2411 509),213-9,213-9 Queen's Park to Elephant & Castle,13:53:00,00:29:00
308,page 51,click (2411 578),240-11,240-11 Elephant & Castle to Queen's Park,13:53:00,00:30:00
309,page 51,click (2411 647),201D-14,201D-14 Elephant & Castle - Stonebridge Park,13:57:00,00:45:00
310,page 51,click (2411 716),210-11,210-11 Queen's Park to Elephant & Castle,14:00:00,00:30:00
311,page 51,click (2411 785),234-13,234-13 Elephant & Castle to Queen's Park,14:00:00,00:30:00
312,page 51,click (2411 854),204-11,204-11 Stonebridge Park - Elephant & Castle,14:04:00,00:44:00
313,page 52,click (2411 509),206D-13,206D-13 Harrow & Wealdstone to Elephant & Castle,14:04:00,00:52:00
314,page 52,click (2411 578),245-14,245-14 Elephant & Castle - Harrow & Wealdstone,14:04:00,00:53:00
315,page 52,click (2411 647),207-10,207-10 Elephant & Castle to Queen's Park,14:08:00,00:30:00
316,page 52,click (2411 716),222-12,222-12 Queen's Park to Elephant & Castle,14:08:00,00:29:00
317,page 52,click (2411 785),232-15,232-15 Elephant & Castle - Stonebridge Park,14:12:00,00:45:00
318,page 52,click (2411 854),242D-10,242D-10 Queen's Park to Elephant & Castle,14:15:00,00:30:00
319,page 53,click (2411 509),236-11,236-11 Elephant & Castle to Queen's Park,14:15:00,00:30:00
320,page 53,click (2411 578),225-15,225-15 Harrow & Wealdstone to Elephant & Castle,14:19:00,00:52:00
321,page 53,click (2411 647),233-14,233-14 Stonebridge Park - Elephant & Castle,14:19:00,00:44:00
322,page 53,click (2411 716),243-11,243-11 Elephant & Castle - Harrow & Wealdstone,14:19:00,00:53:00
323,page 53,click (2411 785),226D-13,226D-13 Elephant & Castle to Queen's Park,14:23:00,00:30:00
324,page 53,click (2411 854),214-9,214-9 Queen's Park to Elephant & Castle,14:23:00,00:29:00
325,page 54,click (2411 509),213-10,213-10 Elephant & Castle - Stonebridge Park,14:27:00,00:45:00
326,page 54,click (2411 578),240-12,240-12 Queen's Park to Elephant & Castle,14:30:00,00:30:00
327,page 54,click (2411 647),221D-14,221D-14 Elephant & Castle to Queen's Park,14:30:00,00:30:00
328,page 54,click (2411 716),212-11,212-11 Harrow & Wealdstone to Elephant & Castle,14:34:00,00:52:00
329,page 54,click (2411 785),202D-13,202D-13 Stonebridge Park - Elephant & Castle,14:34:00,00:44:00
330,page 54,click (2411 854),210-12,210-12 Elephant & Castle - Harrow & Wealdstone,14:34:00,00:53:00
331,page 55,click (2411 509),237D-11,237D-11 Elephant & Castle to Queen's Park,14:38:00,00:30:00
332,page 55,click (2411 578),234-14,234-14 Queen's Park to Elephant & Castle,14:38:00,00:29:00
333,page 55,click (2411 647),222-13,222-13 Elephant & Castle - Stonebridge Park,14:42:00,00:45:00
334,page 55,click (2411 716),223-16,223-16 Elephant & Castle to Queen's Park,14:45:00,00:30:00
335,page 55,click (2411 785),207-11,207-11 Queen's Park to Elephant & Castle,14:45:00,00:30:00
336,page 55,click (2411 854),201D-15,201D-15 Stonebridge Park - Elephant & Castle,14:49:00,00:44:00
337,page 56,click (2411 509),241-12,241-12 Harrow & Wealdstone to Elephant & Castle,14:49:00,00:52:00
338,page 56,click (2411 578),242D-11,242D-11 Elephant & Castle - Harrow & Wealdstone,14:49:00,00:53:00
339,page 56,click (2411 647),204-12,204-12 Elephant & Castle to Queen's Park,14:53:00,00:30:00
340,page 56,click (2411 716),236-12,236-12 Queen's Park to Elephant & Castle,14:53:00,00:29:00
341,page 56,click (2411 785),214-10,214-10 Elephant & Castle - Stonebridge Park,14:57:00,00:43:00
342,page 56,click (2411 854),206D-14,206D-14 Elephant & Castle to Queen's Park,15:00:00,00:30:00
343,page 57,click (2411 509),226D-14,226D-14 Queen's Park to Elephant & Castle,15:00:00,00:30:00
344,page 57,click (2411 578),232-16,232-16 Stonebridge Park - Elephant & Castle,15:04:00,00:44:00
345,page 57,click (2411 647),245-15,245-15 Harrow & Wealdstone to Elephant & Castle,15:04:00,00:53:00
346,page 57,click (2411 716),240-13,240-13 Elephant & Castle - Harrow & Wealdstone,15:04:00,00:53:00
347,page 57,click (2411 785),233-15,233-15 Elephant & Castle to Queen's Park,15:08:00,00:30:00
348,page 57,click (2411 854),221D-15,221D-15 Queen's Park to Elephant & Castle,15:08:00,00:29:00
349,page 58,click (2411 578),234-15,234-15 Elephant & Castle - Stonebridge Park,15:12:00,00:42:00
350,page 58,click (2411 647),237D-12,237D-12 Queen's Park to Elephant & Castle,15:15:00,00:29:00
351,page 58,click (2411 716),225-16,225-16 Elephant & Castle to Queen's Park,15:15:00,00:30:00
352,page 58,click (2411 785),243-12,243-12 Harrow & Wealdstone to Elephant & Castle,15:19:00,00:53:00
353,page 58,click (2411 854),213-11,213-11 Stonebridge Park - Elephant & Castle,15:19:00,00:46:00
354,page 58,click (2411 923),207-12,207-12 Elephant & Castle - Harrow & Wealdstone,15:19:00,00:53:00
355,page 59,click (2411 578),202D-14,202D-14 Elephant & Castle to Queen's Park,15:23:00,00:30:00
356,page 59,click (2411 647),223-17,223-17 Queen's Park to Elephant & Castle,15:23:00,00:29:00
357,page 59,click (2411 716),236-13,236-13 Elephant & Castle - Stonebridge Park,15:27:00,00:42:00
358,page 59,click (2411 785),212-12,212-12 Elephant & Castle - Harrow & Wealdstone,15:30:00,00:54:00
359,page 59,click (2411 854),204-13,204-13 Queen's Park to Elephant & Castle,15:30:00,00:31:00
360,page 59,click (2411 923),210-13,210-13 Harrow & Wealdstone to Elephant & Castle,15:33:00,00:52:00
361,page 60,click (2411 578),222-14,222-14 Stonebridge Park - Elephant & Castle,15:34:00,00:45:00
362,page 60,click (2411 647),226D-15,226D-15 Elephant & Castle to Queen's Park,15:34:00,00:30:00
363,page 60,click (2411 716),201D-16,201D-16 Elephant & Castle to Queen's Park,15:37:00,00:30:00
364,page 60,click (2411 785),206D-15,206D-15 Queen's Park to Elephant & Castle,15:38:00,00:30:00
365,page 60,click (2411 854),221D-16,221D-16 Elephant & Castle - Stonebridge Park,15:41:00,00:44:00
366,page 60,click (2411 923),241-13,241-13 Elephant & Castle to Queen's Park,15:44:00,00:30:00
367,page 61,click (2411 578),233-16,233-16 Queen's Park to Elephant & Castle,15:45:00,00:30:00
368,page 61,click (2411 647),237D-13,237D-13 Elephant & Castle - Harrow & Wealdstone,15:48:00,00:53:00
369,page 61,click (2411 716),214-11,214-11 Stonebridge Park - Elephant & Castle,15:48:00,00:43:00
370,page 61,click (2411 785),242D-12,242D-12 Harrow & Wealdstone to Elephant & Castle,15:48:00,00:52:00
371,page 61,click (2411 854),203-5,203-5 Stonebridge Park - Elephant & Castle,15:49:00,00:45:00
372,page 61,click (2411 923),205-6,205-6 London Road Depot to Queen's Park,15:50:00,00:33:00
373,page 62,click (2411 578),225-17,225-17 Queen's Park to Elephant & Castle,15:52:00,00:30:00
374,page 62,click (2411 647),232-17,232-17 Elephant & Castle - Stonebridge Park,15:54:00,00:46:00
375,page 62,click (2411 716),223-18,223-18 Elephant & Castle to Queen's Park,15:58:00,00:30:00
376,page 62,click (2411 785),2020-15,2020-15 Queen's Park to Elephant & Castle,15:59:00,00:29:00
377,page 62,click (2411 854),245-16,245-16 Elephant & Castle - Harrow & Wealdstone,16:02:00,00:53:00
378,page 63,click (2411 509),234-16,234-16 Stonebridge Park - Elephant & Castle,16:03:00,00:42:00
379,page 63,click (2411 578),240-14,240-14 Harrow & Wealdstone to Elephant & Castle,16:03:00,00:53:00
380,page 63,click (2411 647),235-6,235-6 Stonebridge Park - Elephant & Castle,16:04:00,00:44:00
381,page 63,click (2411 716),204-14,204-14 Elephant & Castle to Queen's Park,16:05:00,00:30:00
382,page 63,click (2411 785),226D-16,226D-16 Queen's Park to Elephant & Castle,16:08:00,00:29:00
383,page 63,click (2411 854),213-12,213-12 Elephant & Castle to Queen's Park,16:09:00,00:30:00
384,page 63,click (2411 923),202D-10,202D-10 Elephant & Castle - Stonebridge Park,16:10:00,00:42:00
385,page 64,click (2411 509),206D-16,206D-16 Elephant & Castle - Stonebridge Park,16:12:00,00:42:00
386,page 64,click (2411 578),201D-17,201D-17 Queen's Park to Elephant & Castle,16:13:00,00:29:00
387,page 64,click (2411 647),243-13,243-13 Elephant & Castle to Queen's Park,16:16:00,00:30:00
388,page 64,click (2411 716),236-14,236-14 Stonebridge Park - Elephant & Castle,16:17:00,00:42:00
389,page 64,click (2411 785),227-6,227-6 Stonebridge Park - Elephant & Castle,16:18:00,00:44:00
390,page 64,click (2411 854),207-13,207-13 Harrow & Wealdstone to Elephant & Castle,16:18:00,00:52:00
391,page 65,click (2411 509),233-17,233-17 Elephant & Castle - Harrow & Wealdstone,16:19:00,00:53:00
392,page 65,click (2411 578),222-15,222-15 Elephant & Castle to Queen's Park,16:21:00,00:31:00
393,page 65,click (2411 647),241-14,241-14 Queen's Park to Elephant & Castle,16:21:00,00:30:00
394,page 65,click (2411 716),205-7,205-7 Queen's Park to Elephant & Castle,16:24:00,00:30:00
395,page 65,click (2411 785),225-18,225-18 Elephant & Castle to Queen's Park,16:24:00,00:31:00
396,page 65,click (2411 854),210-14,210-14 Elephant & Castle - Harrow & Wealdstone,16:27:00,00:54:00
397,page 66,click (2411 509),202D-16,202D-16 Elephant & Castle - Stonebridge Park,16:30:00,00:42:00
398,page 66,click (2411 578),221D-17,221D-17 Stonebridge Park - Elephant & Castle,16:32:00,00:44:00
399,page 66,click (2411 647),214-12,214-12 Elephant & Castle to Queen's Park,16:33:00,00:31:00
400,page 66,click (2411 716),212-13,212-13 Harrow & Wealdstone to Elephant & Castle,16:33:00,00:52:00
401,page 66,click (2411 785),211-7,211-7 Stonebridge Park - Elephant & Castle,16:34:00,00:46:00
402,page 66,click (2411 854),223-19,223-19 Queen's Park to Elephant & Castle,16:35:00,00:30:00
403,page 67,click (2411 509),203-6,203-6 Elephant & Castle to Queen's Park,16:36:00,00:31:00
404,page 67,click (2411 578),204-13,204-13 Queen's Park to Elephant & Castle,16:38:00,00:30:00
405,page 67,click (2411 647),226D-17,226D-17 Elephant & Castle - Harrow & Wealdstone,16:39:00,00:55:00
406,page 67,click (2411 716),242D-13,242D-13 Elephant & Castle - Stonebridge Park,16:42:00,00:46:00
407,page 67,click (2411 785),213-13,213-13 Queen's Park to Elephant & Castle,16:43:00,00:30:00
408,page 67,click (2411 854),201D-18,201D-18 Elephant & Castle to Queen's Park,16:44:00,00:31:00
409,page 68,click (2411 509),234-17,234-17 Elephant & Castle - Harrow & Wealdstone,16:47:00,00:55:00
410,page 68,click (2411 578),232-18,232-18 Stonebridge Park - Elephant & Castle,16:48:00,00:42:00
411,page 68,click (2411 647),237D-14,237D-14 Harrow & Wealdstone to Elephant & Castle,16:49:00,00:54:00
412,page 68,click (2411 716),224D-8,224D-8 Stonebridge Park - Elephant & Castle,16:49:00,00:48:00
413,page 68,click (2411 785),235-7,235-7 Elephant & Castle to Queen's Park,16:50:00,00:31:00
414,page 68,click (2411 854),243-14,243-14 Queen's Park to Elephant & Castle,16:52:00,00:30:00
415,page 69,click (2411 509),241-15,241-15 Elephant & Castle to Queen's Park,16:53:00,00:31:00
416,page 69,click (2411 578),205-8,205-8 Elephant & Castle - Harrow & Wealdstone,16:56:00,00:57:00
417,page 69,click (2411 647),222-16,222-16 Queen's Park to Elephant & Castle,16:58:00,00:30:00
418,page 69,click (2411 716),240-15,240-15 Elephant & Castle to Queen's Park,16:59:00,00:31:00
419,page 69,click (2411 785),236-15,236-15 Elephant & Castle - Stonebridge Park,17:02:00,00:42:00
420,page 69,click (2411 854),225-19,225-19 Queen's Park to Elephant & Castle,17:03:00,00:30:00
421,page 70,click (2411 509),227-7,227-7 Elephant & Castle to Queen's Park,17:04:00,00:31:00
422,page 70,click (2411 578),245-17,245-17 Harrow & Wealdstone to Elephant & Castle,17:05:00,00:53:00
423,page 70,click (2411 647),206D-17,206D-17 Stonebridge Park - Elephant & Castle,17:05:00,00:42:00
424,page 70,click (2411 716),231-10,231-10 Stonebridge Park - Elephant & Castle,17:06:00,00:47:00
425,page 70,click (2411 785),223-20,223-20 Elephant & Castle to Queen's Park,17:07:00,00:33:00
426,page 70,click (2411 854),214-13,214-13 Queen's Park to Elephant & Castle,17:09:00,00:30:00
427,page 71,click (2411 509),204-16,204-16 Elephant & Castle - Harrow & Wealdstone,17:10:00,00:54:00
428,page 71,click (2411 578),207-14,207-14 Elephant & Castle to Queen's Park,17:13:00,00:31:00
429,page 71,click (2411 647),203-7,203-7 Queen's Park to Elephant & Castle,17:15:00,00:30:00
430,page 71,click (2411 716),213-14,213-14 Elephant & Castle - Harrow & Wealdstone,17:16:00,00:56:00
431,page 71,click (2411 785),233-18,233-18 Harrow & Wealdstone to Elephant & Castle,17:18:00,00:55:00
432,page 71,click (2411 854),221D-18,221D-18 Elephant & Castle - Stonebridge Park,17:19:00,00:47:00
433,page 72,click (2411 509),201D-19,201D-19 Queen's Park to Elephant & Castle,17:20:00,00:30:00
434,page 72,click (2411 578),211-8,211-8 Elephant & Castle to Queen's Park,17:22:00,00:31:00
435,page 72,click (2411 647),202D-17,202D-17 Stonebridge Park - Elephant & Castle,17:22:00,00:42:00
436,page 72,click (2411 716),243-15,243-15 Elephant & Castle - Harrow & Wealdstone,17:24:00,00:57:00
437,page 72,click (2411 785),210-15,210-15 Harrow & Wealdstone to Elephant & Castle,17:25:00,00:54:00
438,page 72,click (2411 854),235-8,235-8 Queen's Park to Elephant & Castle,17:25:00,00:30:00
439,page 73,click (2411 509),212-14,212-14 Elephant & Castle to Queen's Park,17:27:00,00:31:00
440,page 73,click (2411 578),222-17,222-17 Elephant & Castle - Stonebridge Park,17:30:00,00:45:00
441,page 73,click (2411 647),241-16,241-16 Queen's Park to Elephant & Castle,17:30:00,00:31:00
442,page 73,click (2411 716),232-19,232-19 Elephant & Castle to Queen's Park,17:33:00,00:31:00
443,page 73,click (2411 785),225-20,225-20 Elephant & Castle to Queen's Park,17:36:00,00:31:00
444,page 73,click (2411 854),240-16,240-16 Queen's Park to Elephant & Castle,17:37:00,00:30:00
445,page 74,click (2411 509),242D-14,242D-14 Stonebridge Park - Elephant & Castle,17:37:00,00:44:00
446,page 74,click (2411 578),226D-18,226D-18 Harrow & Wealdstone to Elephant & Castle,17:38:00,00:52:00
447,page 74,click (2411 647),224D-9,224D-9 Elephant & Castle - Harrow & Wealdstone,17:39:00,00:55:00
448,page 74,click (2411 716),227-8,227-8 Queen's Park to Elephant & Castle,17:40:00,00:30:00
449,page 74,click (2411 785),214-14,214-14 Elephant & Castle to Queen's Park,17:42:00,00:31:00
450,page 74,click (2411 854),237D-15,237D-15 Elephant & Castle - Stonebridge Park,17:44:00,00:42:00
451,page 75,click (2411 509),223-21,223-21 Queen's Park to Elephant & Castle,17:46:00,00:30:00
452,page 75,click (2411 578),203-8,203-8 Elephant & Castle - Harrow & Wealdstone,17:47:00,00:55:00
453,page 75,click (2411 647),206D-18,206D-18 Elephant & Castle to Queen's Park,17:49:00,00:30:00
454,page 75,click (2411 716),234-18,234-18 Harrow & Wealdstone to Elephant & Castle,17:49:00,00:52:00
455,page 75,click (2411 785),201D-20,201D-20 Elephant & Castle to Queen's Park,17:52:00,00:31:00
456,page 75,click (2411 854),236-16,236-16 Stonebridge Park - Elephant & Castle,17:52:00,00:43:00
457,page 76,click (2411 509),231-11,231-11 Elephant & Castle - Harrow & Wealdstone,17:55:00,00:58:00
458,page 76,click (2411 578),207-15,207-15 Queen's Park to Elephant & Castle,17:55:00,00:30:00
459,page 76,click (2411 647),205-9,205-9 Harrow & Wealdstone to Elephant & Castle,17:56:00,00:55:00
460,page 76,click (2411 716),211-9,211-9 Queen's Park to Elephant & Castle,17:57:00,00:30:00
461,page 76,click (2411 785),235-9,235-9 Elephant & Castle to Queen's Park,17:57:00,00:31:00
462,page 76,click (2411 854),245-18,245-18 Elephant & Castle - Stonebridge Park,18:00:00,00:43:00
463,page 77,click (2411 509),212-15,212-15 Queen's Park to Elephant & Castle,18:03:00,00:31:00
464,page 77,click (2411 578),241-17,241-17 Elephant & Castle to Queen's Park,18:03:00,00:31:00
465,page 77,click (2411 647),2020-18,2020-18 Elephant & Castle to Queen's Park,18:06:00,00:31:00
466,page 77,click (2411 716),204-17,204-17 Harrow & Wealdstone to Elephant & Castle,18:07:00,00:52:00
467,page 77,click (2411 785),232-20,232-20 Queen's Park to Elephant & Castle,18:09:00,00:30:00
468,page 77,click (2411 854),240-17,240-17 Elephant & Castle - Harrow & Wealdstone,18:09:00,00:55:00
469,page 78,click (2411 509),227-9,227-9 Elephant & Castle - Stonebridge Park,18:12:00,00:45:00
470,page 78,click (2411 578),225-21,225-21 Queen's Park to Elephant & Castle,18:15:00,00:30:00
471,page 78,click (2411 647),233-19,233-19 Elephant & Castle to Queen's Park,18:15:00,00:31:00
472,page 78,click (2411 716),214-15,214-15 Queen's Park to Elephant & Castle,18:18:00,00:30:00
473,page 78,click (2411 785),213-15,213-15 Harrow & Wealdstone to Elephant & Castle,18:18:00,00:52:00
474,page 78,click (2411 854),223-22,223-22 Elephant & Castle - Harrow & Wealdstone,18:18:00,00:54:00
475,page 79,click (2411 509),221D-19,221D-19 Stonebridge Park - Elephant & Castle,18:20:00,00:45:00
476,page 79,click (2411 578),210-16,210-16 Elephant & Castle to Queen's Park,18:21:00,00:31:00
477,page 79,click (2411 647),206D-19,206D-19 Queen's Park to Elephant & Castle,18:24:00,00:30:00
478,page 79,click (2411 716),242D-15,242D-15 Elephant & Castle - Stonebridge Park,18:24:00,00:44:00
479,page 79,click (2411 785),243-16,243-16 Harrow & Wealdstone to Elephant & Castle,18:25:00,00:52:00
480,page 79,click (2411 854),201D-21,201D-21 Queen's Park to Elephant & Castle,18:27:00,00:30:00
481,page 80,click (2411 578),207-16,207-16 Elephant & Castle to Queen's Park,18:27:00,00:31:00
482,page 80,click (2411 647),211-10,211-10 Elephant & Castle - Harrow & Wealdstone,18:30:00,00:54:00
483,page 80,click (2411 716),226D-19,226D-19 Elephant & Castle - Stonebridge Park,18:32:00,00:47:00
484,page 80,click (2411 785),235-10,235-10 Queen's Park to Elephant & Castle,18:32:00,00:30:00
485,page 80,click (2411 854),212-16,212-16 Elephant & Castle to Queen's Park,18:35:00,00:31:00
486,page 80,click (2411 923),236-17,236-17 Elephant & Castle to Queen's Park,18:38:00,00:31:00
487,page 81,click (2411 578),241-18,241-18 Queen's Park to Elephant & Castle,18:38:00,00:30:00
488,page 81,click (2411 647),224D-10,224D-10 Harrow & Wealdstone to Elephant & Castle,18:38:00,00:55:00
489,page 81,click (2411 716),237D-16,237D-16 Stonebridge Park - Elephant & Castle,18:39:00,00:41:00
490,page 81,click (2411 785),232-21,232-21 Elephant & Castle - Stonebridge Park,18:41:00,00:46:00
491,page 81,click (2411 854),202D-19,202D-19 Queen's Park to Elephant & Castle,18:44:00,00:30:00
492,page 81,click (2411 923),234-19,234-19 Elephant & Castle - Harrow & Wealdstone,18:44:00,00:56:00
493,page 82,click (2411 578),225-22,225-22 Elephant & Castle to Queen's Park,18:47:00,00:30:00
494,page 82,click (2411 647),245-19,245-19 Stonebridge Park - Elephant & Castle,18:47:00,00:42:00
495,page 82,click (2411 716),203-9,203-9 Harrow & Wealdstone to Elephant & Castle,18:49:00,00:56:00
496,page 82,click (2411 785),214-16,214-16 Elephant & Castle - Stonebridge Park,18:50:00,00:44:00
497,page 82,click (2411 854),205-10,205-10 Elephant & Castle to Queen's Park,18:53:00,00:30:00
498,page 82,click (2411 923),233-20,233-20 Queen's Park to Elephant & Castle,18:53:00,00:30:00
499,page 83,click (2411 578),206D-20,206D-20 Elephant & Castle - Stonebridge Park,18:56:00,00:44:00
500,page 83,click (2411 647),231-12,231-12 Harrow & Wealdstone to Elephant & Castle,18:56:00,00:53:00
501,page 83,click (2411 716),210-17,210-17 Queen's Park to Elephant & Castle,18:56:00,00:31:00
502,page 83,click (2411 785),201D-22,201D-22 Elephant & Castle to Queen's Park,18:58:00,00:30:00
503,page 83,click (2411 854),204-18,204-18 Elephant & Castle - Harrow & Wealdstone,19:01:00,00:53:00
504,page 83,click (2411 923),235-11,235-11 Elephant & Castle - Stonebridge Park,19:04:00,00:47:00
505,page 84,click (2411 578),207-17,207-17 Queen's Park to Elephant & Castle,19:05:00,00:32:00
506,page 84,click (2411 647),240-18,240-18 Harrow & Wealdstone to Elephant & Castle,19:07:00,00:53:00
507,page 84,click (2411 716),221D-20,221D-20 Elephant & Castle to Queen's Park,19:07:00,00:30:00
508,page 84,click (2411 785),212-17,212-17 Queen's Park to Elephant & Castle,19:09:00,00:32:00
509,page 84,click (2411 854),241-19,241-19 Elephant & Castle to Queen's Park,19:10:00,00:31:00
510,page 84,click (2411 509),213-16,213-16 Elephant & Castle - Stonebridge Park,19:13:00,00:41:00
511,page 85,click (2411 578),2020-20,2020-20 Elephant & Castle - Harrow & Wealdstone,19:16:00,00:53:00
512,page 85,click (2411 647),236-18,236-18 Queen's Park to Waterloo,19:16:00,00:31:00
513,page 85,click (2411 716),223-23,223-23 Harrow & Wealdstone to Elephant & Castle,19:19:00,00:53:00
514,page 85,click (2411 785),243-17,243-17 Elephant & Castle - Stonebridge Park,19:19:00,00:46:00
515,page 85,click (2411 854),2420-16,2420-16 Stonebridge Park - Elephant & Castle,19:22:00,00:42:00
516,page 86,click (2411 509),237D-17,237D-17 Elephant & Castle to Queen's Park,19:23:00,00:30:00
517,page 86,click (2411 578),225-23,225-23 Queen's Park to Elephant & Castle,19:23:00,00:30:00
518,page 86,click (2411 647),233-21,233-21 Elephant & Castle - Stonebridge Park,19:27:00,00:42:00
519,page 86,click (2411 716),205-11,205-11 Queen's Park to Elephant & Castle,19:27:00,00:30:00
520,page 86,click (2411 785),210-18,210-18 Elephant & Castle to Queen's Park,19:30:00,00:30:00
521,page 86,click (2411 854),211-11,211-11 Harrow & Wealdstone to Elephant & Castle,19:34:00,00:53:00
522,page 87,click (2411 509),245-20,245-20 Elephant & Castle - Harrow & Wealdstone,19:34:00,00:53:00
523,page 87,click (2411 578),214-17,214-17 Stonebridge Park - Elephant & Castle,19:37:00,00:41:00
524,page 87,click (2411 647),201D-23,201D-23 Queen's Park to Elephant & Castle,19:38:00,00:29:00
525,page 87,click (2411 716),224D-11,224D-11 Elephant & Castle to Queen's Park,19:38:00,00:30:00
526,page 87,click (2411 785),207-18,207-18 Elephant & Castle - Stonebridge Park,19:42:00,00:42:00
527,page 87,click (2411 854),221D-21,221D-21 Queen's Park to Elephant & Castle,19:45:00,00:29:00
528,page 88,click (2411 509),212-18,212-18 Elephant & Castle to Queen's Park,19:46:00,00:30:00
529,page 88,click (2411 578),234-20,234-20 Harrow & Wealdstone to Elephant & Castle,19:49:00,00:53:00
530,page 88,click (2411 647),203-10,203-10 Elephant & Castle - Harrow & Wealdstone,19:49:00,00:53:00
531,page 88,click (2411 716),206D-21,206D-21 Stonebridge Park - Elephant & Castle,19:50:00,00:43:00
532,page 88,click (2411 785),241-20,241-20 Queen's Park to Elephant & Castle,19:53:00,00:29:00
533,page 88,click (2411 854),231-13,231-13 Elephant & Castle to Queen's Park,19:53:00,00:30:00
534,page 89,click (2411 509),225-24,225-24 Elephant & Castle - Stonebridge Park,19:57:00,00:45:00
535,page 89,click (2411 578),237D-18,237D-18 Queen's Park to Elephant & Castle,20:00:00,00:29:00
536,page 89,click (2411 647),205-12,205-12 Elephant & Castle to Queen's Park,20:00:00,00:30:00
537,page 89,click (2411 716),204-19,204-19 Harrow & Wealdstone to Elephant & Castle,20:04:00,00:53:00
538,page 89,click (2411 785),240-19,240-19 Elephant & Castle - Harrow & Wealdstone,20:04:00,00:53:00
539,page 89,click (2411 854),213-17,213-17 Stonebridge Park - Elephant & Castle,20:05:00,00:44:00
540,page 90,click (2411 509),210-19,210-19 Queen's Park to Elephant & Castle,20:08:00,00:29:00
541,page 90,click (2411 578),242D-17,242D-17 Elephant & Castle to Queen's Park,20:08:00,00:30:00
542,page 90,click (2411 647),201D-24,201D-24 Elephant & Castle - Stonebridge Park,20:12:00,00:45:00
543,page 90,click (2411 716),223-24,223-24 Elephant & Castle - Harrow & Wealdstone,20:15:00,00:54:00
544,page 90,click (2411 785),224D-12,224D-12 Queen's Park to Elephant & Castle,20:15:00,00:29:00
545,page 90,click (2411 854),233-22,233-22 Stonebridge Park - Elephant & Castle,20:19:00,00:44:00
546,page 91,click (2411 509),221D-22,221D-22 Elephant & Castle to Queen's Park,20:19:00,00:30:00
547,page 91,click (2411 578),202D-21,202D-21 Harrow & Wealdstone to Elephant & Castle,20:20:00,00:54:00
548,page 91,click (2411 647),212-19,212-19 Queen's Park to Elephant & Castle,20:23:00,00:29:00
549,page 91,click (2411 716),214-18,214-18 Elephant & Castle to Queen's Park,20:23:00,00:30:00
550,page 91,click (2411 785),243-18,243-18 Stonebridge Park - Kilburn High Road,20:25:00,00:10:00
551,page 91,click (2411 854),241-21,241-21 Elephant & Castle - Stonebridge Park,20:27:00,00:45:00
552,page 92,click (2411 509),231-14,231-14 Queen's Park to Elephant & Castle,20:30:00,00:29:00
553,page 92,click (2411 578),211-12,211-12 Elephant & Castle to Queen's Park,20:30:00,00:30:00
554,page 92,click (2411 647),245-21,245-21 Harrow & Wealdstone to Elephant & Castle,20:34:00,00:53:00
555,page 92,click (2411 716),237D-19,237D-19 Elephant & Castle - Harrow & Wealdstone,20:34:00,00:53:00
556,page 92,click (2411 785),207-19,207-19 Stonebridge Park - Elephant & Castle,20:35:00,00:43:00
557,page 92,click (2411 854),205-13,205-13 Queen's Park to Elephant & Castle,20:38:00,00:29:00
558,page 93,click (2411 509),206D-22,206D-22 Elephant & Castle to Queen's Park,20:38:00,00:30:00
559,page 93,click (2411 578),242D-18,242D-18 Queen's Park to Elephant & Castle,20:41:00,00:30:00
560,page 93,click (2411 647),210-20,210-20 Elephant & Castle - Stonebridge Park,20:42:00,00:45:00
561,page 93,click (2411 716),234-21,234-21 Elephant & Castle to Queen's Park,20:45:00,00:30:00
562,page 93,click (2411 785),243-19,243-19 Kilburn High Road - Stonebridge Park,20:47:00,00:14:00
563,page 93,click (2411 854),225-25,225-25 Stonebridge Park - Elephant & Castle,20:49:00,00:44:00
564,page 94,click (2411 509),203-11,203-11 Harrow & Wealdstone to Elephant & Castle,20:49:00,00:53:00
565,page 94,click (2411 578),224D-13,224D-13 Elephant & Castle - Harrow & Wealdstone,20:49:00,00:53:00
566,page 94,click (2411 647),221D-23,221D-23 Queen's Park to Elephant & Castle,20:53:00,00:29:00
567,page 94,click (2411 716),213-18,213-18 Elephant & Castle to Queen's Park,20:53:00,00:30:00
568,page 94,click (2411 785),212-20,212-20 Elephant & Castle - Stonebridge Park,20:57:00,00:45:00
569,page 94,click (2411 854),214-19,214-19 Queen's Park to Elephant & Castle,21:00:00,00:29:00
570,page 95,click (2411 509),204-20,204-20 Elephant & Castle to Queen's Park,21:00:00,00:30:00
571,page 95,click (2411 578),240-20,240-20 Harrow & Wealdstone to Elephant & Castle,21:04:00,00:53:00
572,page 95,click (2411 647),2010-25,2010-25 Stonebridge Park - Elephant & Castle,21:04:00,00:44:00
573,page 95,click (2411 716),231-15,231-15 Elephant & Castle - Harrow & Wealdstone,21:04:00,00:53:00
574,page 95,click (2411 785),211-13,211-13 Queen's Park to Elephant & Castle,21:08:00,00:29:00
575,page 95,click (2411 854),233-23,233-23 Elephant & Castle to Queen's Park,21:08:00,00:30:00
576,page 96,click (2411 509),205-14,205-14 Elephant & Castle - Stonebridge Park,21:12:00,00:45:00
577,page 96,click (2411 578),242D-19,242D-19 Elephant & Castle to Queen's Park,21:15:00,00:30:00
578,page 96,click (2411 647),206D-23,206D-23 Queen's Park to Elephant & Castle,21:15:00,00:29:00
579,page 96,click (2411 716),241-22,241-22 Stonebridge Park - Elephant & Castle,21:18:00,00:45:00
580,page 96,click (2411 785),223-25,223-25 Harrow & Wealdstone to Elephant & Castle,21:19:00,00:53:00
581,page 96,click (2411 854),202D-22,202D-22 Elephant & Castle - Harrow & Wealdstone,21:19:00,00:53:00
582,page 97,click (2411 509),234-22,234-22 Queen's Park to Elephant & Castle,21:23:00,00:29:00
583,page 97,click (2411 578),207-20,207-20 Elephant & Castle to Queen's Park,21:23:00,00:30:00
584,page 97,click (2411 647),221D-24,221D-24 Elephant & Castle - Stonebridge Park,21:27:00,00:45:00
585,page 97,click (2411 716),213-19,213-19 Queen's Park to Elephant & Castle,21:30:00,00:29:00
586,page 97,click (2411 785),245-22,245-22 Elephant & Castle to Queen's Park,21:30:00,00:30:00
587,page 97,click (2411 854),237D-20,237D-20 Harrow & Wealdstone to Elephant & Castle,21:34:00,00:53:00
588,page 98,click (2411 509),210-21,210-21 Stonebridge Park - Elephant & Castle,21:34:00,00:44:00
589,page 98,click (2411 578),214-20,214-20 Elephant & Castle - Harrow & Wealdstone,21:34:00,00:53:00
590,page 98,click (2411 647),204-21,204-21 Queen's Park to Elephant & Castle,21:38:00,00:29:00
591,page 98,click (2411 716),225-26,225-26 Elephant & Castle to Queen's Park,21:38:00,00:30:00
592,page 98,click (2411 785),211-14,211-14 Elephant & Castle - Stonebridge Park,21:42:00,00:45:00
593,page 98,click (2411 854),203-12,203-12 Elephant & Castle to Queen's Park,21:45:00,00:30:00
594,page 99,click (2411 509),233-24,233-24 Queen's Park to Elephant & Castle,21:45:00,00:29:00
595,page 99,click (2411 578),212-21,212-21 Stonebridge Park - Elephant & Castle,21:49:00,00:44:00
596,page 99,click (2411 647),224D-14,224D-14 Harrow & Wealdstone to Elephant & Castle,21:49:00,00:53:00
597,page 99,click (2411 716),206D-24,206D-24 Elephant & Castle - Harrow & Wealdstone,21:49:00,00:53:00
598,page 99,click (2411 785),242D-20,242D-20 Queen's Park to Elephant & Castle,21:53:00,00:29:00
599,page 99,click (2411 854),201D-26,201D-26 Elephant & Castle to Queen's Park,21:53:00,00:31:00
600,page 100,click (2411 509),234-23,234-23 Elephant & Castle - Stonebridge Park,21:57:00,00:45:00
601,page 100,click (2411 578),240-21,240-21 Elephant & Castle to Queen's Park,22:00:00,00:30:00
602,page 100,click (2411 647),207-21,207-21 Queen's Park to Elephant & Castle,22:00:00,00:29:00
603,page 100,click (2411 716),205-15,205-15 Stonebridge Park - Elephant & Castle,22:04:00,00:44:00
604,page 100,click (2411 785),231-16,231-16 Harrow & Wealdstone to Elephant & Castle,22:04:00,00:53:00
605,page 100,click (2411 854),213-20,213-20 Elephant & Castle - Harrow & Wealdstone,22:04:00,00:53:00
606,page 101,click (2411 509),245-23,245-23 Queen's Park to Elephant & Castle,22:08:00,00:29:00
607,page 101,click (2411 578),241-23,241-23 Elephant & Castle to Queen's Park,22:08:00,00:30:00
608,page 101,click (2411 647),204-22,204-22 Elephant & Castle - Stonebridge Park,22:12:00,00:45:00
609,page 101,click (2411 716),225-27,225-27 Queen's Park to Elephant & Castle,22:15:00,00:29:00
610,page 101,click (2411 785),223-26,223-26 Elephant & Castle to Queen's Park,22:15:00,00:30:00
611,page 101,click (2411 854),2020-23,2020-23 Harrow & Wealdstone to Elephant & Castle,22:19:00,00:52:00
612,page 102,click (2411 509),221D-25,221D-25 Stonebridge Park - Elephant & Castle,22:19:00,00:44:00
613,page 102,click (2411 578),233-25,233-25 Elephant & Castle - Harrow & Wealdstone,22:19:00,00:53:00
614,page 102,click (2411 647),210-22,210-22 Elephant & Castle to Queen's Park,22:23:00,00:30:00
615,page 102,click (2411 716),203-13,203-13 Queen's Park to Elephant & Castle,22:23:00,00:29:00
616,page 102,click (2411 785),242D-21,242D-21 Elephant & Castle - Stonebridge Park,22:27:00,00:42:00
617,page 102,click (2411 854),201D-27,201D-27 Queen's Park to Elephant & Castle,22:30:00,00:29:00
618,page 103,click (2411 509),237D-21,237D-21 Elephant & Castle to Queen's Park,22:30:00,00:30:00
619,page 103,click (2411 578),214-21,214-21 Harrow & Wealdstone to Elephant & Castle,22:34:00,00:53:00
620,page 103,click (2411 647),211-15,211-15 Stonebridge Park - Elephant & Castle,22:34:00,00:45:00
621,page 103,click (2411 716),207-22,207-22 Elephant & Castle - Harrow & Wealdstone,22:34:00,00:54:00
622,page 103,click (2411 785),212-22,212-22 Elephant & Castle to Queen's Park,22:38:00,00:31:00
623,page 103,click (2411 854),240-22,240-22 Queen's Park to Elephant & Castle,22:38:00,00:29:00
624,page 104,click (2411 578),245-24,245-24 Elephant & Castle - Stonebridge Park,22:42:00,00:45:00
625,page 104,click (2411 647),224D-15,224D-15 Elephant & Castle to Queen's Park,22:45:00,00:30:00
626,page 104,click (2411 716),241-24,241-24 Queen's Park to Elephant & Castle,22:46:00,00:29:00
627,page 104,click (2411 785),206D-25,206D-25 Harrow & Wealdstone to Elephant & Castle,22:49:00,00:54:00
628,page 104,click (2411 854),234-24,234-24 Stonebridge Park - Elephant & Castle,22:49:00,00:43:00
629,page 104,click (2411 923),225-28,225-28 Elephant & Castle - Harrow & Wealdstone,22:49:00,00:53:00
630,page 105,click (2411 578),205-16,205-16 Elephant & Castle to Queen's Park,22:53:00,00:32:00
631,page 105,click (2411 647),223-27,223-27 Queen's Park to Elephant & Castle,22:54:00,00:29:00
632,page 105,click (2411 716),203-14,203-14 Elephant & Castle - Stonebridge Park,22:57:00,00:42:00
633,page 105,click (2411 785),231-17,231-17 Elephant & Castle - Harrow & Wealdstone,23:00:00,00:56:00
634,page 105,click (2411 854),204-23,204-23 Stonebridge Park - Elephant & Castle,23:04:00,00:45:00
635,page 105,click (2411 923),213-21,213-21 Harrow & Wealdstone to Elephant & Castle,23:04:00,00:51:00
636,page 106,click (2411 578),201D-28,201D-28 Elephant & Castle to Queen's Park,23:04:00,00:30:00
637,page 106,click (2411 647),210-23,210-23 Queen's Park to Waterloo,23:06:00,00:31:00
638,page 106,click (2411 716),221D-26,221D-26 Elephant & Castle to Queen's Park,23:08:00,00:33:00
639,page 106,click (2411 785),237D-22,237D-22 Queen's Park to Elephant & Castle,23:10:00,00:29:00
640,page 106,click (2411 854),240-23,240-23 Elephant & Castle - Stonebridge Park,23:12:00,00:45:00
641,page 106,click (2411 923),212-23,212-23 Queen's Park to Waterloo,23:22:00,00:33:00
642,page 107,click (2411 785),211-16,211-16 Elephant & Castle to Queen's Park,23:24:00,00:29:00
643,page 107,click (2411 854),224D-16,224D-16 Queen's Park to Elephant & Castle,23:30:00,00:29:00
